oc_test,0.033,0:00:00.033301
oc_test,0.034,0:00:00.034181
oc_test,1.176,0:00:01.176399
oc_test,1.177,0:00:01.176602
oc_test,0.034,0:00:00.033667
oc_test,0.034,0:00:00.033530
oc_test,0.614,0:00:00.614046
oc_test,0.63,0:00:00.630064
oc_test,0.635,0:00:00.635056
oc_test,0.635,0:00:00.634858
oc_test,0.641,0:00:00.641122
oc_test,1.054,0:00:01.054336
oc_test,1.054,0:00:01.054105
oc_test,1.02,0:00:01.019650
oc_test,1.02,0:00:01.019888
oc_test,1.019,0:00:01.018803
oc_test,16.007,0:00:16.007310
oc_test,16.007,0:00:16.007419
